id_inventory,id_product,location,current_stock,last_update_date
1,584,Nigeria,847,2025-10-20
2,662,Canada,753,2025-11-05
3,649,Colombia,29,2024-11-02
4,338,Czech Republic,99,2025-02-27
5,185,Thailand,762,2025-04-09
6,436,Canada,184,2024-11-27
7,613,Finland,646,2025-04-04
8,191,Russia,620,2025-09-26
9,69,Mongolia,296,2025-02-10
10,596,Sweden,854,2025-08-22
11,71,China,560,2024-12-13
12,455,China,907,2024-01-27
13,661,United States,73,2025-04-27
14,121,Poland,855,2025-06-25
15,147,Colombia,816,2024-04-26
16,627,Poland,679,2024-04-29
17,220,China,461,2025-09-10
18,724,Costa Rica,804,2024-05-30
19,628,Honduras,466,2024-06-24
20,399,China,209,2024-11-05
21,405,Thailand,852,2024-11-23
22,786,Japan,36,2024-11-10
23,347,United Kingdom,514,2024-07-28
24,606,United States,696,2024-10-22
25,303,China,441,2024-04-29
26,616,China,710,2025-11-22
27,209,Ukraine,325,2025-08-31
28,248,Armenia,943,2025-10-01
29,247,Indonesia,775,2025-09-02
30,317,Saudi Arabia,390,2025-12-03
31,78,Philippines,639,2025-12-11
32,402,Brazil,584,2024-02-11
33,139,Russia,223,2024-12-23
34,203,Thailand,369,2024-05-17
35,787,Nigeria,590,2024-12-10
36,109,Portugal,500,2024-10-25
37,653,China,366,2024-01-19
38,625,China,703,2025-07-08
39,320,Iraq,915,2025-05-07
40,576,Vietnam,783,2024-09-14
41,674,Indonesia,979,2025-06-11
42,123,Philippines,495,2025-11-21
43,339,Indonesia,286,2024-12-21
44,74,Croatia,226,2024-12-28
45,339,Croatia,404,2024-03-11
46,659,Guatemala,155,2025-05-03
47,262,Philippines,246,2025-04-29
48,796,China,561,2024-10-01
49,443,Philippines,961,2025-12-08
50,426,Pakistan,741,2025-10-11
51,543,China,743,2025-04-13
52,712,United States,637,2025-04-21
53,294,Colombia,445,2025-12-25
54,777,China,581,2025-06-28
55,554,Saint Pierre and Miquelon,423,2024-11-17
56,153,Pakistan,924,2024-06-18
57,364,China,579,2024-03-05
58,94,Japan,976,2024-09-19
59,564,China,964,2024-11-23
60,164,China,698,2025-03-13
61,61,Bolivia,27,2024-10-09
62,501,South Africa,713,2025-02-14
63,384,China,435,2024-02-09
64,484,Algeria,84,2025-06-16
65,109,Spain,368,2024-12-25
66,628,Russia,503,2024-06-03
67,645,Argentina,867,2025-03-23
68,251,Russia,23,2025-08-30
69,358,Honduras,600,2025-01-19
70,719,Tanzania,836,2024-09-17
71,736,Brazil,729,2024-05-10
72,471,Russia,976,2024-12-27
73,35,Cyprus,953,2024-05-08
74,342,Philippines,319,2025-11-12
75,701,United States,856,2024-08-03
76,646,France,304,2024-06-10
77,412,China,954,2024-05-29
78,572,Indonesia,234,2025-09-11
79,775,Canada,623,2025-01-24
80,671,China,298,2025-03-27
81,152,China,590,2025-12-28
82,231,Palestinian Territory,549,2025-10-23
83,309,Japan,616,2024-08-30
84,542,Pakistan,538,2024-12-27
85,639,Thailand,984,2024-08-19
86,387,Kazakhstan,278,2025-01-28
87,140,Tunisia,717,2024-07-05
88,647,Dominican Republic,896,2024-03-16
89,326,Canada,583,2024-02-08
90,346,China,825,2024-02-09
91,103,South Korea,77,2025-05-03
92,696,Uruguay,423,2025-02-18
93,386,Indonesia,602,2024-06-14
94,406,Oman,517,2024-10-28
95,368,North Korea,44,2024-12-12
96,473,Canada,264,2024-12-31
97,398,Norway,68,2024-01-05
98,127,North Korea,842,2025-11-16
99,195,Estonia,570,2025-09-05
100,649,Mexico,62,2024-11-06
101,515,Czech Republic,820,2024-10-09
102,662,Mongolia,613,2025-01-10
103,368,Philippines,632,2024-11-01
104,412,Indonesia,517,2024-08-10
105,628,Armenia,470,2025-04-27
106,593,Saudi Arabia,50,2025-03-13
107,722,Poland,104,2025-12-23
108,440,Pakistan,16,2025-08-21
109,252,China,535,2025-03-06
110,270,China,591,2025-01-20
111,109,Brazil,243,2024-11-29
112,488,Philippines,443,2025-08-11
113,189,Brazil,646,2025-04-09
114,217,Indonesia,607,2024-04-10
115,79,Tajikistan,967,2024-11-03
116,427,Philippines,222,2025-01-31
117,370,Libya,682,2024-08-02
118,390,Indonesia,718,2024-05-06
119,797,Mauritania,798,2024-08-31
120,225,France,767,2024-10-23
121,672,China,155,2025-04-14
122,478,Canada,266,2025-10-27
123,290,Brazil,245,2024-04-15
124,773,Ukraine,224,2024-07-12
125,253,France,647,2025-08-15
126,690,Yemen,199,2025-11-27
127,39,China,27,2024-11-11
128,511,Belize,143,2024-08-21
129,613,Malaysia,281,2024-12-18
130,726,Colombia,566,2025-01-15
131,307,Yemen,744,2024-03-16
132,568,Sweden,184,2024-10-08
133,69,Indonesia,31,2025-02-25
134,352,China,1000,2025-11-12
135,202,China,352,2024-07-09
136,532,Ukraine,940,2025-12-18
137,240,Macedonia,687,2024-12-27
138,175,Uzbekistan,589,2025-07-31
139,401,Chile,390,2025-07-12
140,280,Indonesia,526,2024-09-15
141,182,Armenia,828,2025-04-11
142,20,China,341,2024-12-17
143,122,Indonesia,790,2025-08-11
144,789,China,773,2025-02-26
145,594,United States,145,2024-09-13
146,378,China,442,2024-07-25
147,628,Russia,832,2024-06-19
148,331,Japan,366,2025-03-17
149,739,Belarus,532,2025-02-15
150,684,France,989,2025-01-03
151,542,Palestinian Territory,592,2024-09-20
152,660,United States,262,2025-09-18
153,676,Portugal,789,2025-11-18
154,503,Argentina,892,2025-01-23
155,548,Indonesia,267,2024-04-29
156,661,Philippines,962,2024-06-23
157,62,Portugal,812,2024-01-12
158,555,Malaysia,879,2024-07-28
159,787,Poland,911,2025-01-06
160,564,Indonesia,567,2025-03-01
161,207,Colombia,212,2025-06-25
162,800,France,344,2025-05-05
163,394,Colombia,769,2024-05-19
164,269,Poland,134,2025-02-09
165,576,Japan,798,2024-12-09
166,360,China,289,2024-02-03
167,186,Japan,768,2024-12-15
168,207,Morocco,315,2024-12-08
169,161,Philippines,900,2025-09-26
170,286,Philippines,593,2025-10-02
171,450,France,443,2024-03-21
172,210,Brazil,543,2025-03-15
173,262,Philippines,262,2024-09-20
174,215,Kazakhstan,658,2024-05-05
175,498,Thailand,317,2025-06-04
176,72,China,121,2024-01-14
177,9,Poland,865,2025-05-26
178,10,China,11,2024-10-21
179,238,Poland,751,2025-01-17
180,536,Philippines,600,2025-12-20
181,418,Philippines,301,2025-09-04
182,278,China,285,2025-04-18
183,196,Peru,279,2024-02-01
184,420,Philippines,854,2025-09-08
185,264,Poland,352,2024-11-30
186,10,China,919,2025-07-18
187,749,Philippines,557,2024-11-16
188,207,Nigeria,217,2025-09-17
189,667,Sri Lanka,281,2024-10-30
190,369,China,600,2024-04-01
191,325,Brazil,644,2025-02-15
192,615,United States,609,2024-02-23
193,200,Portugal,611,2024-04-17
194,227,China,368,2024-08-17
195,216,China,501,2024-01-11
196,106,China,795,2025-09-13
197,307,Yemen,975,2024-12-27
198,728,Argentina,53,2025-10-25
199,459,United States,785,2025-01-06
200,755,Portugal,674,2025-02-23
201,518,Brazil,991,2024-06-23
202,678,Albania,664,2025-11-25
203,393,Brazil,436,2024-02-22
204,292,Sweden,258,2024-06-22
205,723,Guatemala,132,2025-08-15
206,68,France,926,2025-09-18
207,208,China,693,2024-08-11
208,268,Czech Republic,526,2025-01-27
209,303,Indonesia,455,2025-05-09
210,733,South Korea,892,2024-03-05
211,379,China,425,2024-11-05
212,34,Indonesia,80,2025-08-11
213,696,Nicaragua,834,2024-03-26
214,544,Bhutan,684,2025-10-13
215,21,Ukraine,271,2024-11-03
216,35,Colombia,148,2025-04-04
217,699,Indonesia,163,2025-12-17
218,63,South Africa,675,2025-12-12
219,525,United Arab Emirates,547,2025-04-14
220,392,Brazil,454,2025-09-05
221,598,Azerbaijan,89,2024-07-07
222,726,Indonesia,573,2025-12-04
223,62,China,234,2024-12-01
224,558,China,411,2024-04-07
225,98,Indonesia,911,2025-11-30
226,747,Poland,986,2025-11-27
227,113,Poland,23,2024-05-23
228,5,Indonesia,586,2024-01-03
229,523,Greece,233,2025-03-29
230,605,Indonesia,497,2025-06-03
231,517,Russia,787,2025-03-19
232,52,Czech Republic,138,2024-10-30
233,715,Saint Vincent and the Grenadines,637,2025-10-05
234,183,Portugal,636,2025-02-17
235,563,Morocco,886,2025-07-30
236,210,Belarus,768,2024-10-21
237,544,Iran,268,2024-12-03
238,607,Democratic Republic of the Congo,236,2024-04-23
239,56,France,122,2024-04-18
240,191,Serbia,933,2024-01-23
241,325,Indonesia,189,2025-10-03
242,567,Thailand,267,2025-12-20
243,765,Poland,173,2025-02-01
244,760,Brazil,787,2025-09-23
245,625,Mauritius,519,2025-02-01
246,684,Jordan,75,2024-06-21
247,796,China,852,2025-03-21
248,158,Brazil,937,2025-08-01
249,333,Belize,996,2024-08-27
250,227,France,457,2025-06-16
251,115,Peru,301,2024-05-19
252,484,Tanzania,72,2025-03-25
253,640,Hungary,613,2024-03-10
254,178,China,929,2024-04-26
255,139,China,265,2024-05-23
256,569,China,152,2025-10-14
257,119,Sweden,528,2024-10-27
258,486,Indonesia,817,2024-04-20
259,428,Kosovo,134,2024-05-07
260,23,China,689,2025-10-16
261,657,Portugal,24,2024-05-14
262,765,Brazil,232,2024-10-15
263,74,Mauritius,792,2024-03-12
264,634,China,899,2024-05-13
265,689,Peru,822,2024-07-08
266,759,Brazil,689,2024-10-18
267,187,Indonesia,493,2024-01-31
268,501,Kazakhstan,560,2024-09-28
269,113,Philippines,888,2024-01-05
270,610,Philippines,268,2024-04-04
271,387,Norway,166,2024-07-19
272,195,Honduras,110,2024-10-18
273,177,Ukraine,296,2024-02-07
274,683,Greece,553,2025-11-11
275,388,Micronesia,235,2024-12-11
276,335,Poland,15,2025-01-05
277,144,Colombia,19,2024-09-14
278,376,Tunisia,603,2025-11-22
279,106,Peru,843,2024-03-20
280,378,Belarus,868,2024-05-11
281,662,France,579,2024-07-29
282,349,Canada,217,2024-09-11
283,742,Costa Rica,608,2024-02-04
284,414,Bulgaria,779,2025-08-08
285,287,Indonesia,68,2025-11-25
286,483,Dominican Republic,559,2024-11-19
287,475,Brazil,433,2024-02-18
288,486,Indonesia,596,2024-01-24
289,462,France,860,2025-05-08
290,555,Philippines,878,2025-07-29
291,313,Greece,297,2025-04-24
292,87,Bhutan,657,2024-01-25
293,299,Indonesia,988,2024-07-01
294,268,Laos,205,2024-12-30
295,393,China,359,2024-03-24
296,49,United States,559,2025-11-14
297,135,China,882,2024-08-07
298,274,France,466,2025-12-24
299,525,United States,629,2025-10-12
300,593,Indonesia,825,2025-04-24
301,462,Russia,125,2024-11-25
302,297,Greece,648,2025-11-04
303,588,France,374,2025-05-27
304,265,Afghanistan,608,2025-01-09
305,28,China,848,2024-05-14
306,340,Bangladesh,900,2024-11-05
307,725,Philippines,892,2024-09-03
308,502,Nepal,799,2024-10-19
309,26,Tanzania,146,2024-01-10
310,166,Iran,105,2024-11-05
311,338,China,675,2024-06-13
312,68,Indonesia,184,2024-09-14
313,747,Peru,51,2025-02-20
314,597,Philippines,362,2025-04-27
315,636,Portugal,751,2024-05-15
316,467,South Africa,742,2024-09-04
317,588,Dominican Republic,279,2025-03-28
318,128,Finland,712,2025-05-31
319,600,Belarus,288,2025-11-05
320,142,Philippines,322,2024-12-11
321,17,Thailand,213,2024-05-02
322,261,Philippines,177,2024-07-21
323,675,Egypt,489,2025-09-05
324,586,Myanmar,853,2025-08-17
325,216,United States,441,2025-02-06
326,71,Indonesia,472,2024-10-23
327,363,Indonesia,194,2025-09-22
328,312,Myanmar,96,2025-08-09
329,2,Indonesia,944,2025-12-06
330,108,Indonesia,996,2024-11-05
331,501,Poland,89,2024-09-15
332,85,Indonesia,884,2025-07-22
333,389,Brazil,290,2024-09-18
334,314,United States,981,2024-10-08
335,272,Brazil,483,2025-12-06
336,145,Brazil,149,2025-01-16
337,134,Ukraine,891,2025-06-30
338,382,Paraguay,955,2025-02-16
339,184,Honduras,607,2025-12-01
340,201,China,314,2024-02-06
341,593,Indonesia,104,2024-05-18
342,497,Vietnam,289,2024-06-30
343,663,Netherlands,558,2025-12-05
344,692,United States,208,2025-12-26
345,689,Russia,573,2025-12-08
346,741,Argentina,149,2024-12-04
347,210,Indonesia,2,2024-09-19
348,716,China,223,2025-04-17
349,552,Zimbabwe,936,2024-03-13
350,83,Uzbekistan,591,2025-05-09
351,163,China,870,2025-09-03
352,360,China,245,2024-02-17
353,263,Serbia,924,2024-07-13
354,96,Philippines,674,2024-08-11
355,718,Philippines,675,2024-02-13
356,621,Sweden,694,2024-09-23
357,234,Malawi,242,2024-01-16
358,443,Czech Republic,912,2024-11-30
359,526,Israel,263,2024-08-26
360,683,Ukraine,950,2024-05-20
361,520,Indonesia,243,2024-01-11
362,777,Brazil,578,2025-10-19
363,641,Brazil,906,2025-06-22
364,377,Colombia,819,2025-11-09
365,532,Italy,744,2024-07-19
366,52,Brazil,979,2024-01-22
367,18,Denmark,952,2024-10-03
368,219,Afghanistan,377,2024-06-06
369,47,Indonesia,195,2025-06-26
370,230,Norway,632,2024-04-24
371,586,Czech Republic,235,2025-01-23
372,581,China,116,2025-12-27
373,642,Russia,425,2024-06-15
374,401,Indonesia,622,2024-11-25
375,79,Mauritius,577,2024-12-09
376,276,Bolivia,64,2024-02-19
377,688,China,264,2025-04-15
378,531,China,600,2025-10-13
379,313,China,902,2024-09-23
380,627,China,150,2025-09-08
381,746,China,414,2024-03-31
382,354,Russia,809,2024-01-08
383,41,China,198,2025-10-28
384,24,China,271,2025-12-30
385,393,China,689,2024-07-25
386,78,China,824,2025-05-04
387,344,France,735,2024-01-26
388,308,Indonesia,276,2025-11-04
389,27,China,664,2025-01-01
390,429,Colombia,112,2025-05-06
391,67,Indonesia,629,2024-07-05
392,495,Afghanistan,541,2024-08-19
393,791,China,510,2024-02-27
394,261,Indonesia,146,2025-08-18
395,638,Armenia,914,2025-07-09
396,484,Brazil,454,2025-07-20
397,505,China,818,2024-03-02
398,209,Armenia,859,2024-10-13
399,563,South Africa,969,2024-10-13
400,355,Myanmar,170,2024-12-15
401,51,Indonesia,286,2025-10-30
402,627,Poland,228,2024-11-23
403,469,France,89,2025-07-30
404,43,Vietnam,940,2024-01-21
405,164,Russia,495,2025-05-14
406,737,Poland,828,2025-04-14
407,261,Honduras,450,2025-01-03
408,631,China,626,2025-12-23
409,388,India,685,2025-06-03
410,151,Brazil,910,2024-10-12
411,237,Poland,806,2024-10-03
412,347,Portugal,929,2024-05-24
413,750,Portugal,420,2024-08-15
414,656,Peru,499,2025-10-14
415,765,Argentina,786,2025-05-05
416,90,United States,436,2025-09-01
417,611,Micronesia,939,2024-12-02
418,717,United States,723,2025-10-02
419,625,Russia,710,2024-10-08
420,458,Japan,390,2025-05-02
421,780,Serbia,349,2025-11-26
422,536,Philippines,22,2025-03-27
423,727,China,734,2024-01-05
424,592,France,888,2024-01-24
425,367,China,948,2024-06-23
426,668,China,704,2024-10-12
427,212,Philippines,38,2025-07-04
428,331,China,827,2024-05-17
429,681,Argentina,30,2024-11-30
430,358,China,450,2025-02-03
431,232,Russia,821,2025-11-03
432,292,Nigeria,813,2025-03-05
433,793,Indonesia,112,2025-05-30
434,9,Philippines,808,2025-03-29
435,401,Indonesia,941,2025-10-08
436,1,Russia,128,2025-07-07
437,112,Syria,215,2025-11-27
438,653,Argentina,358,2024-11-05
439,615,China,611,2024-04-12
440,785,Indonesia,444,2025-10-11
441,468,China,872,2024-05-05
442,152,China,776,2025-10-24
443,749,Czech Republic,300,2024-03-01
444,121,Russia,462,2024-10-29
445,291,Egypt,889,2025-11-11
446,287,Indonesia,855,2024-02-19
447,548,Sweden,973,2025-03-31
448,737,Burundi,367,2024-03-03
449,33,Argentina,751,2025-12-07
450,460,Poland,619,2025-02-26
451,785,Philippines,929,2024-09-16
452,586,Armenia,82,2025-09-21
453,579,China,507,2025-06-23
454,284,United States,807,2025-12-09
455,101,Mongolia,714,2024-09-02
456,391,Honduras,282,2024-12-13
457,748,China,249,2025-10-29
458,499,Brazil,428,2024-05-23
459,483,France,135,2024-08-11
460,351,Peru,906,2025-07-11
461,577,Andorra,106,2025-09-17
462,288,Philippines,51,2024-11-21
463,631,Bangladesh,998,2024-11-10
464,447,Indonesia,802,2025-11-30
465,786,Russia,778,2024-09-18
466,617,China,560,2024-10-28
467,513,Poland,618,2024-11-05
468,748,China,729,2025-11-25
469,147,Morocco,328,2024-05-20
470,173,Greece,806,2024-10-17
471,586,Greece,933,2025-09-24
472,196,Indonesia,926,2025-06-27
473,581,China,670,2025-05-21
474,270,Colombia,17,2024-05-05
475,260,China,755,2024-05-06
476,85,China,353,2024-01-21
477,112,Nigeria,577,2024-04-12
478,606,Paraguay,605,2024-06-29
479,408,Morocco,542,2024-01-25
480,330,Brazil,204,2024-03-19
481,475,Morocco,661,2024-05-05
482,392,China,815,2024-06-28
483,481,Latvia,40,2025-07-31
484,660,China,704,2024-11-28
485,316,Latvia,925,2025-03-29
486,80,Portugal,546,2025-06-25
487,363,Sweden,664,2024-08-22
488,270,Brazil,416,2025-03-08
489,80,Indonesia,711,2025-06-03
490,76,Peru,250,2025-12-11
491,421,China,648,2024-07-03
492,82,Philippines,99,2025-11-08
493,723,United Kingdom,732,2025-02-05
494,741,China,193,2025-06-13
495,13,Russia,239,2024-12-26
496,696,Vietnam,521,2025-08-30
497,541,France,377,2024-01-21
498,251,China,99,2024-01-12
499,600,Sweden,704,2025-06-01
500,659,Russia,455,2025-06-08
501,679,Indonesia,846,2025-02-07
502,40,Sweden,385,2024-03-25
503,93,Philippines,108,2025-09-10
504,306,Brazil,54,2024-07-13
505,595,Indonesia,178,2025-07-21
506,618,Indonesia,461,2024-12-24
507,67,Indonesia,284,2025-08-23
508,60,Macedonia,632,2024-06-20
509,782,Philippines,244,2024-08-21
510,121,Poland,92,2024-09-10
511,471,North Korea,92,2025-08-29
512,768,Indonesia,884,2024-05-17
513,379,China,249,2025-09-14
514,320,Philippines,37,2024-10-30
515,582,Philippines,824,2025-07-30
516,655,Poland,491,2024-02-28
517,201,Singapore,947,2025-01-14
518,161,Germany,838,2024-09-18
519,632,Indonesia,440,2024-05-18
520,43,Zimbabwe,897,2024-05-14
521,69,Morocco,581,2024-08-30
522,366,France,240,2024-02-29
523,546,France,427,2025-03-15
524,548,France,517,2025-03-21
525,528,Ireland,966,2024-07-20
526,60,Ireland,366,2025-01-01
527,797,France,335,2024-05-26
528,715,United States,864,2025-06-01
529,57,Sweden,146,2024-07-22
530,562,Peru,857,2025-01-05
531,551,Russia,451,2024-03-15
532,465,Morocco,712,2024-04-28
533,660,China,115,2024-04-20
534,203,China,115,2024-10-12
535,764,Sweden,445,2024-06-03
536,778,Philippines,922,2024-05-25
537,35,Indonesia,864,2025-12-29
538,201,Portugal,221,2025-08-10
539,759,Philippines,987,2025-05-26
540,685,China,658,2025-07-15
541,108,Sweden,842,2024-02-22
542,386,Philippines,615,2025-06-25
543,479,China,159,2025-02-16
544,103,Mexico,187,2025-02-22
545,160,Albania,362,2024-04-24
546,673,China,768,2024-05-14
547,339,China,116,2025-09-30
548,225,Indonesia,884,2025-02-19
549,730,China,567,2025-07-25
550,540,Croatia,399,2024-11-08
551,139,Ukraine,808,2024-07-26
552,528,Czech Republic,675,2024-04-23
553,212,China,143,2025-06-24
554,660,Portugal,16,2024-11-04
555,596,Indonesia,990,2025-10-26
556,356,Portugal,757,2025-08-21
557,320,Mexico,422,2024-07-01
558,729,Macedonia,661,2024-10-27
559,647,Afghanistan,117,2025-03-16
560,305,Czech Republic,62,2024-05-30
561,67,China,650,2025-08-24
562,431,Indonesia,411,2025-02-24
563,30,China,844,2024-08-10
564,564,China,167,2025-11-05
565,144,China,625,2024-09-11
566,87,Russia,828,2024-04-27
567,536,El Salvador,563,2024-06-20
568,291,Sweden,757,2024-10-10
569,115,Ireland,944,2024-08-13
570,103,United States,124,2025-03-04
571,288,China,399,2024-06-23
572,749,Niger,660,2025-12-03
573,179,Afghanistan,332,2025-07-13
574,794,China,237,2024-07-26
575,367,China,581,2024-08-11
576,111,Palestinian Territory,450,2025-12-20
577,769,Ukraine,892,2024-12-16
578,515,China,468,2024-08-12
579,413,Slovenia,745,2025-12-16
580,488,Russia,491,2024-07-01
581,777,China,109,2025-11-20
582,615,United States,949,2025-09-16
583,579,China,287,2024-07-11
584,756,Portugal,317,2024-03-27
585,18,Netherlands,276,2025-07-21
586,479,China,44,2025-11-14
587,622,China,220,2024-07-19
588,27,Philippines,860,2025-02-03
589,643,Russia,999,2025-12-03
590,620,Indonesia,582,2024-09-25
591,292,Burkina Faso,632,2025-01-05
592,555,Indonesia,825,2025-09-07
593,280,South Sudan,867,2025-12-28
594,213,Ukraine,461,2024-06-21
595,382,China,868,2024-02-22
596,58,Indonesia,500,2024-09-17
597,339,Indonesia,776,2025-01-05
598,752,Venezuela,314,2025-11-03
599,500,Colombia,5,2025-01-22
600,400,France,757,2025-03-10
601,471,Mauritania,271,2025-11-06
602,325,Argentina,319,2024-01-19
603,36,China,974,2025-03-07
604,219,Egypt,210,2024-01-23
605,350,United States,471,2025-06-29
606,413,Argentina,914,2025-11-18
607,150,China,286,2025-08-14
608,325,United States,48,2025-09-17
609,638,Japan,295,2024-09-09
610,670,Papua New Guinea,204,2024-05-22
611,287,Lithuania,571,2024-06-20
612,449,Indonesia,241,2025-02-23
613,268,Iran,998,2025-03-22
614,581,China,220,2024-01-17
615,782,Thailand,525,2024-04-23
616,346,Saint Eustatius and Saba,729,2025-02-19
617,315,Portugal,248,2024-08-21
618,727,Russia,666,2025-10-29
619,480,China,636,2025-07-21
620,760,Spain,908,2024-12-28
621,311,Croatia,86,2024-06-15
622,340,Germany,916,2024-04-09
623,406,Portugal,386,2024-03-31
624,664,Russia,864,2024-09-04
625,140,Malta,660,2025-10-06
626,82,Russia,48,2024-05-13
627,2,Russia,719,2025-05-29
628,83,Mexico,986,2024-09-01
629,50,China,615,2025-03-28
630,208,China,408,2025-10-31
631,733,Australia,949,2024-06-13
632,676,Indonesia,828,2024-02-16
633,607,Ukraine,506,2025-03-26
634,219,Eritrea,968,2024-11-02
635,763,Argentina,177,2025-01-09
636,143,China,1,2025-04-05
637,493,Japan,524,2025-06-26
638,351,Thailand,741,2024-06-18
639,330,Russia,848,2024-12-04
640,484,South Korea,423,2024-02-10
641,599,Greece,989,2024-10-14
642,428,Portugal,317,2025-03-28
643,785,Portugal,956,2025-03-11
644,382,Indonesia,316,2024-04-18
645,33,Ethiopia,916,2024-01-11
646,608,Ukraine,902,2024-04-16
647,781,China,360,2025-09-15
648,674,Russia,473,2024-06-04
649,171,China,549,2025-03-12
650,265,Philippines,730,2025-05-03
651,118,Peru,631,2024-05-07
652,99,China,733,2025-12-22
653,30,Vietnam,374,2025-09-13
654,420,China,627,2025-06-26
655,183,Indonesia,818,2024-10-13
656,497,Sweden,631,2024-04-23
657,358,Indonesia,133,2025-12-22
658,305,Indonesia,406,2024-04-01
659,238,Indonesia,640,2024-10-14
660,367,Bulgaria,956,2024-10-06
661,209,Brazil,916,2024-08-13
662,255,Aland Islands,730,2025-10-09
663,675,China,177,2025-05-22
664,129,Thailand,974,2024-10-11
665,46,China,67,2024-09-28
666,447,Russia,406,2025-12-15
667,6,Uganda,776,2024-08-22
668,99,Indonesia,698,2024-02-28
669,236,Poland,46,2025-03-26
670,252,Japan,609,2024-09-09
671,349,Philippines,844,2025-08-18
672,773,Argentina,215,2025-03-16
673,318,Indonesia,197,2025-07-05
674,183,China,486,2024-06-30
675,162,China,692,2024-03-28
676,21,China,928,2024-02-17
677,577,Russia,115,2025-03-07
678,797,Portugal,903,2025-11-12
679,629,China,288,2024-06-19
680,624,Portugal,229,2024-11-19
681,287,Indonesia,95,2025-11-12
682,477,Philippines,153,2025-09-06
683,714,China,991,2024-12-15
684,87,Democratic Republic of the Congo,665,2024-08-31
685,696,China,954,2025-05-31
686,574,China,912,2025-12-13
687,687,Bulgaria,224,2024-06-27
688,395,Brazil,137,2025-02-17
689,115,Mozambique,959,2025-03-14
690,722,Argentina,994,2025-12-11
691,435,Philippines,605,2025-07-07
692,746,Sierra Leone,513,2025-05-18
693,402,Japan,78,2025-07-14
694,761,France,173,2025-02-02
695,615,Indonesia,841,2024-05-26
696,398,Sweden,724,2024-12-02
697,188,Angola,10,2024-10-22
698,498,Brazil,842,2025-08-15
699,373,Greece,204,2024-09-04
700,360,Philippines,137,2025-06-06
701,178,Micronesia,788,2025-07-08
702,60,Finland,587,2025-04-24
703,115,Sweden,843,2025-12-26
704,737,Indonesia,463,2025-02-01
705,354,Greece,600,2024-12-28
706,609,Philippines,455,2025-04-08
707,118,Philippines,832,2025-04-02
708,536,Indonesia,475,2024-12-14
709,8,Peru,312,2024-09-10
710,479,France,770,2025-07-01
711,795,China,828,2025-10-08
712,335,Thailand,927,2024-11-01
713,549,Ecuador,839,2025-01-27
714,646,Indonesia,273,2024-08-10
715,664,China,913,2025-08-29
716,216,China,542,2025-07-15
717,560,France,469,2024-12-21
718,791,Russia,966,2024-05-29
719,441,United States,434,2024-09-09
720,56,Estonia,816,2025-09-22
721,700,Paraguay,363,2025-02-19
722,713,Peru,807,2025-03-11
723,22,Japan,645,2024-02-02
724,738,Serbia,326,2025-02-21
725,334,Uruguay,806,2025-02-14
726,479,Japan,431,2024-10-06
727,390,Indonesia,979,2024-08-24
728,234,Poland,979,2025-11-30
729,268,France,285,2024-11-06
730,473,Spain,838,2025-05-09
731,442,Brazil,191,2024-02-26
732,370,New Zealand,450,2025-04-22
733,370,Panama,252,2025-01-01
734,532,South Korea,560,2024-09-29
735,39,Argentina,10,2025-12-09
736,514,Sweden,778,2025-04-05
737,795,Malaysia,328,2025-10-20
738,180,Russia,615,2025-02-15
739,307,Colombia,860,2025-02-12
740,715,Russia,236,2025-08-27
741,1,Russia,384,2024-05-09
742,41,Peru,196,2024-09-17
743,560,Japan,580,2024-09-24
744,286,Mexico,535,2025-06-10
745,125,Indonesia,22,2025-06-04
746,287,Indonesia,889,2024-04-03
747,754,China,332,2024-05-13
748,374,Vietnam,199,2025-11-09
749,388,Kazakhstan,111,2025-07-12
750,449,Madagascar,256,2024-08-20
751,290,Kazakhstan,800,2024-07-24
752,357,Brazil,290,2024-12-25
753,792,Ukraine,809,2025-04-25
754,289,China,903,2024-02-03
755,317,Indonesia,620,2025-07-11
756,324,Ukraine,578,2025-08-10
757,603,Sweden,616,2025-12-24
758,533,Greece,736,2025-03-26
759,41,Albania,419,2025-02-04
760,422,Indonesia,381,2024-04-24
761,796,China,472,2024-06-27
762,675,Peru,116,2024-09-16
763,54,France,814,2025-09-26
764,529,Poland,900,2025-07-30
765,710,Norway,779,2025-06-23
766,13,Brazil,699,2025-08-21
767,372,Sweden,962,2024-06-22
768,608,Indonesia,897,2024-09-10
769,492,Russia,191,2025-10-21
770,573,Indonesia,599,2024-09-18
771,95,Sweden,341,2024-06-19
772,77,China,294,2025-03-16
773,272,China,779,2025-08-14
774,625,Ukraine,349,2024-12-01
775,517,China,987,2024-04-26
776,118,Philippines,305,2025-01-23
777,445,China,330,2024-03-11
778,381,Armenia,72,2025-01-03
779,647,Brazil,751,2024-11-16
780,723,Poland,815,2025-03-28
781,197,Peru,105,2024-11-13
782,776,Brazil,87,2024-06-23
783,519,Honduras,622,2025-02-06
784,218,Slovenia,885,2025-02-11
785,68,Sweden,482,2024-08-14
786,80,Poland,587,2024-02-09
787,495,Indonesia,688,2025-07-10
788,630,Czech Republic,632,2024-11-16
789,187,United States,622,2024-06-16
790,359,Ukraine,362,2024-01-04
791,533,Peru,163,2024-10-07
792,451,Bhutan,764,2025-07-30
793,623,Poland,518,2025-10-22
794,589,Philippines,33,2024-07-15
795,251,United Kingdom,690,2025-06-13
796,186,Indonesia,114,2025-05-07
797,141,Argentina,105,2025-05-02
798,668,Sweden,339,2025-12-18
799,401,Myanmar,86,2025-01-21
800,428,Philippines,648,2025-12-01
801,372,Philippines,543,2024-12-14
802,144,China,311,2024-04-25
803,792,Croatia,803,2025-10-11
804,162,Saudi Arabia,481,2024-06-01
805,772,Sudan,921,2024-01-25
806,520,Guatemala,646,2025-10-03
807,741,Poland,175,2024-04-05
808,86,China,233,2024-07-23
809,749,China,765,2025-08-19
810,390,Philippines,554,2025-12-26
811,687,Czech Republic,567,2024-01-07
812,507,United States,502,2024-01-08
813,198,China,462,2025-06-03
814,188,Argentina,210,2025-01-31
815,754,Indonesia,60,2024-07-08
816,430,Indonesia,610,2024-12-04
817,412,Thailand,478,2024-08-15
818,329,Brazil,775,2024-06-16
819,570,Costa Rica,904,2025-11-30
820,558,Spain,137,2025-04-30
821,640,China,608,2024-05-19
822,713,Vietnam,154,2025-07-27
823,57,Mexico,998,2024-04-11
824,23,China,887,2024-03-12
825,466,Serbia,445,2025-07-07
826,90,China,45,2025-06-30
827,425,Kyrgyzstan,373,2025-07-13
828,655,Honduras,942,2025-09-16
829,31,Ethiopia,610,2025-01-21
830,412,Sweden,346,2024-02-14
831,580,Honduras,833,2024-12-18
832,370,Iraq,70,2025-01-20
833,789,Lebanon,156,2024-11-22
834,119,China,183,2024-06-16
835,571,Russia,41,2025-07-03
836,768,Sweden,445,2024-01-03
837,307,Indonesia,511,2025-12-18
838,144,Madagascar,331,2024-09-05
839,542,Philippines,343,2025-02-13
840,142,Brazil,107,2024-07-14
841,721,Portugal,201,2025-04-06
842,199,Kosovo,850,2025-01-08
843,512,China,88,2024-08-11
844,576,Vietnam,107,2025-02-05
845,610,Ecuador,875,2024-05-29
846,225,Swaziland,92,2024-07-31
847,387,Indonesia,292,2024-03-23
848,642,United States,938,2025-09-23
849,639,Russia,336,2025-03-18
850,64,Brazil,785,2025-01-28
851,733,Portugal,41,2025-01-18
852,487,Peru,185,2024-01-24
853,453,Greece,446,2025-10-11
854,740,Cuba,646,2024-09-20
855,456,Ukraine,234,2024-11-10
856,236,Japan,621,2025-10-24
857,556,China,147,2025-04-05
858,359,Peru,38,2025-06-20
859,32,Poland,426,2025-01-12
860,309,China,632,2024-01-08
861,108,Indonesia,28,2025-09-23
862,259,Portugal,859,2025-04-08
863,253,Peru,335,2024-02-20
864,106,Colombia,931,2025-08-22
865,174,Colombia,739,2024-06-29
866,283,Thailand,459,2024-12-16
867,308,Indonesia,114,2024-03-16
868,325,Brazil,206,2025-01-14
869,569,Russia,717,2024-01-01
870,19,Portugal,906,2024-03-06
871,520,China,638,2024-02-12
872,460,Indonesia,30,2024-07-21
873,626,Honduras,264,2024-09-10
874,186,Indonesia,968,2025-04-16
875,50,Philippines,624,2024-07-07
876,528,Burkina Faso,701,2025-11-17
877,562,China,758,2024-03-01
878,424,Philippines,774,2025-01-11
879,625,China,285,2025-08-07
880,90,Colombia,77,2025-12-15
881,265,Dominican Republic,8,2024-12-02
882,530,China,157,2024-12-11
883,169,China,387,2025-09-30
884,391,Argentina,116,2025-07-07
885,272,Afghanistan,649,2024-07-13
886,447,China,305,2025-04-20
887,212,Macedonia,34,2024-06-23
888,23,Colombia,256,2024-08-11
889,535,Greece,187,2025-02-04
890,681,Haiti,663,2024-06-05
891,410,Poland,982,2024-04-27
892,317,Indonesia,562,2025-12-05
893,406,Indonesia,208,2024-10-14
894,277,Argentina,926,2024-03-19
895,726,Philippines,823,2024-07-19
896,688,Vietnam,982,2025-10-31
897,442,Bolivia,177,2024-07-30
898,192,Poland,584,2025-11-30
899,551,China,8,2025-12-30
900,247,Albania,839,2025-10-24
901,62,Czech Republic,277,2025-09-11
902,460,Iran,514,2025-06-18
903,273,Philippines,615,2025-05-20
904,552,Indonesia,126,2024-03-22
905,389,Macedonia,694,2025-07-09
906,634,China,104,2025-08-30
907,172,Bolivia,887,2024-05-30
908,693,Philippines,275,2025-09-10
909,679,Poland,783,2024-03-31
910,533,Philippines,583,2024-01-26
911,22,Russia,676,2025-06-24
912,97,Russia,670,2025-03-07
913,676,Indonesia,92,2025-03-09
914,55,Bangladesh,985,2024-11-26
915,648,Philippines,960,2024-07-15
916,778,Argentina,561,2025-04-29
917,130,China,794,2025-09-23
918,18,Ukraine,226,2024-01-19
919,767,Vietnam,599,2024-12-02
920,713,Greece,356,2025-01-01
921,375,Honduras,573,2025-06-06
922,565,Latvia,970,2025-11-11
923,179,United States,739,2024-07-14
924,458,China,608,2025-01-20
925,40,China,675,2024-06-11
926,624,China,713,2024-08-24
927,765,Russia,758,2024-08-29
928,384,China,190,2024-03-11
929,670,France,903,2025-09-17
930,39,France,634,2024-07-08
931,370,China,208,2024-09-13
932,718,China,311,2025-08-12
933,498,Japan,218,2024-10-29
934,316,Greece,410,2025-09-12
935,650,China,789,2024-05-05
936,249,Myanmar,603,2025-05-14
937,524,China,593,2024-08-11
938,739,Indonesia,43,2025-08-12
939,273,Poland,438,2025-09-19
940,363,Iran,251,2024-10-08
941,336,Czech Republic,251,2025-04-25
942,291,Honduras,233,2025-06-16
943,524,Portugal,781,2024-03-24
944,697,China,439,2025-06-25
945,459,Argentina,395,2024-02-28
946,45,China,673,2025-03-26
947,99,Indonesia,495,2025-02-18
948,654,Japan,416,2025-09-04
949,79,Indonesia,412,2025-10-23
950,92,Belarus,107,2024-12-27
951,754,Suriname,894,2024-10-20
952,493,China,712,2024-11-27
953,529,Philippines,803,2024-12-03
954,388,Brazil,731,2024-12-25
955,464,Indonesia,265,2024-06-18
956,115,Indonesia,272,2024-12-29
957,599,China,633,2025-03-17
958,197,South Korea,901,2024-12-22
959,572,Brazil,686,2024-05-29
960,159,Mexico,512,2025-05-21
961,738,North Korea,906,2025-11-20
962,781,Democratic Republic of the Congo,542,2024-08-20
963,775,Philippines,825,2025-10-09
964,384,China,912,2025-01-02
965,785,Russia,340,2025-06-12
966,303,China,506,2024-05-30
967,698,Czech Republic,524,2025-12-15
968,477,China,181,2024-08-12
969,431,Croatia,213,2025-02-18
970,450,Indonesia,184,2025-10-08
971,269,China,407,2025-04-17
972,390,China,30,2025-06-06
973,597,Ukraine,332,2025-01-15
974,616,Sweden,529,2024-05-03
975,744,Austria,827,2025-04-03
976,330,China,563,2024-02-03
977,719,China,599,2025-04-30
978,610,China,191,2024-02-10
979,736,Netherlands,619,2025-10-21
980,419,Indonesia,215,2025-10-05
981,756,United States,599,2024-03-10
982,415,Philippines,441,2024-12-02
983,283,Russia,205,2025-12-16
984,442,Finland,960,2024-03-24
985,522,China,696,2024-10-12
986,494,Philippines,418,2025-01-16
987,420,Netherlands,460,2024-11-18
988,788,South Korea,884,2025-12-18
989,456,China,532,2025-08-19
990,729,Ivory Coast,594,2025-02-11
991,768,China,317,2024-08-27
992,267,China,882,2025-03-12
993,324,China,78,2025-11-23
994,775,United States,827,2024-06-19
995,321,Czech Republic,132,2024-01-22
996,723,Mongolia,93,2024-12-21
997,320,China,687,2024-07-01
998,646,China,43,2025-03-26
999,258,United States,834,2024-05-22
1000,72,Syria,675,2024-08-04
